"filename", "language", "JavaScript", "Markdown", "HTML", "JSON", "PostCSS", "XML", "JavaScript JSX", "comment", "blank", "total"
"f:\Coding\MERN Stack\Backend\Websockets\Chat App\README.md", "Markdown", 0, 144, 0, 0, 0, 0, 0, 1, 45, 190
"f:\Coding\MERN Stack\Backend\Websockets\Chat App\client\README.md", "Markdown", 0, 9, 0, 0, 0, 0, 0, 0, 8, 17
"f:\Coding\MERN Stack\Backend\Websockets\Chat App\client\eslint.config.js", "JavaScript", 28, 0, 0, 0, 0, 0, 0, 0, 2, 30
"f:\Coding\MERN Stack\Backend\Websockets\Chat App\client\index.html", "HTML", 0, 0, 14, 0, 0, 0, 0, 0, 1, 15
"f:\Coding\MERN Stack\Backend\Websockets\Chat App\client\package-lock.json", "JSON", 0, 0, 0, 4450, 0, 0, 0, 0, 1, 4451
"f:\Coding\MERN Stack\Backend\Websockets\Chat App\client\package.json", "JSON", 0, 0, 0, 39, 0, 0, 0, 0, 1, 40
"f:\Coding\MERN Stack\Backend\Websockets\Chat App\client\postcss.config.js", "JavaScript", 6, 0, 0, 0, 0, 0, 0, 0, 1, 7
"f:\Coding\MERN Stack\Backend\Websockets\Chat App\client\public\vite.svg", "XML", 0, 0, 0, 0, 0, 1, 0, 0, 0, 1
"f:\Coding\MERN Stack\Backend\Websockets\Chat App\client\src\App.css", "PostCSS", 0, 0, 0, 0, 0, 0, 0, 0, 1, 1
"f:\Coding\MERN Stack\Backend\Websockets\Chat App\client\src\App.jsx", "JavaScript JSX", 0, 0, 0, 0, 0, 0, 59, 2, 14, 75
"f:\Coding\MERN Stack\Backend\Websockets\Chat App\client\src\api\chat.api.js", "JavaScript", 135, 0, 0, 0, 0, 0, 0, 0, 21, 156
"f:\Coding\MERN Stack\Backend\Websockets\Chat App\client\src\api\group.api.js", "JavaScript", 239, 0, 0, 0, 0, 0, 0, 3, 39, 281
"f:\Coding\MERN Stack\Backend\Websockets\Chat App\client\src\api\message.api.js", "JavaScript", 139, 0, 0, 0, 0, 0, 0, 0, 19, 158
"f:\Coding\MERN Stack\Backend\Websockets\Chat App\client\src\api\notification.api.js", "JavaScript", 40, 0, 0, 0, 0, 0, 0, 0, 9, 49
"f:\Coding\MERN Stack\Backend\Websockets\Chat App\client\src\api\request.api.js", "JavaScript", 74, 0, 0, 0, 0, 0, 0, 0, 13, 87
"f:\Coding\MERN Stack\Backend\Websockets\Chat App\client\src\api\user.api.js", "JavaScript", 177, 0, 0, 0, 0, 0, 0, 2, 19, 198
"f:\Coding\MERN Stack\Backend\Websockets\Chat App\client\src\assets\react.svg", "XML", 0, 0, 0, 0, 0, 1, 0, 0, 0, 1
"f:\Coding\MERN Stack\Backend\Websockets\Chat App\client\src\components\guards\ProtectedRoute.jsx", "JavaScript JSX", 0, 0, 0, 0, 0, 0, 12, 0, 7, 19
"f:\Coding\MERN Stack\Backend\Websockets\Chat App\client\src\components\guards\ProtectedRouteAuth.jsx", "JavaScript JSX", 0, 0, 0, 0, 0, 0, 12, 0, 5, 17
"f:\Coding\MERN Stack\Backend\Websockets\Chat App\client\src\components\message\FileUpload.jsx", "JavaScript JSX", 0, 0, 0, 0, 0, 0, 94, 0, 12, 106
"f:\Coding\MERN Stack\Backend\Websockets\Chat App\client\src\components\message\MediaPreview.jsx", "JavaScript JSX", 0, 0, 0, 0, 0, 0, 194, 9, 19, 222
"f:\Coding\MERN Stack\Backend\Websockets\Chat App\client\src\components\message\Message.jsx", "JavaScript JSX", 0, 0, 0, 0, 0, 0, 831, 42, 68, 941
"f:\Coding\MERN Stack\Backend\Websockets\Chat App\client\src\components\message\MessageInfoModel.jsx", "JavaScript JSX", 0, 0, 0, 0, 0, 0, 138, 7, 10, 155
"f:\Coding\MERN Stack\Backend\Websockets\Chat App\client\src\components\message\SingleFilePreview.jsx", "JavaScript JSX", 0, 0, 0, 0, 0, 0, 100, 6, 13, 119
"f:\Coding\MERN Stack\Backend\Websockets\Chat App\client\src\components\user\ChatCard.jsx", "JavaScript JSX", 0, 0, 0, 0, 0, 0, 214, 22, 23, 259
"f:\Coding\MERN Stack\Backend\Websockets\Chat App\client\src\components\user\ChatList.jsx", "JavaScript JSX", 0, 0, 0, 0, 0, 0, 129, 10, 16, 155
"f:\Coding\MERN Stack\Backend\Websockets\Chat App\client\src\components\user\ChatWindow.jsx", "JavaScript JSX", 0, 0, 0, 0, 0, 0, 161, 8, 20, 189
"f:\Coding\MERN Stack\Backend\Websockets\Chat App\client\src\components\user\CreateGroup.jsx", "JavaScript JSX", 0, 0, 0, 0, 0, 0, 87, 0, 13, 100
"f:\Coding\MERN Stack\Backend\Websockets\Chat App\client\src\components\user\GroupInfo.jsx", "JavaScript JSX", 0, 0, 0, 0, 0, 0, 647, 75, 80, 802
"f:\Coding\MERN Stack\Backend\Websockets\Chat App\client\src\components\user\Notification.jsx", "JavaScript JSX", 0, 0, 0, 0, 0, 0, 187, 77, 56, 320
"f:\Coding\MERN Stack\Backend\Websockets\Chat App\client\src\components\user\NotificationCard.jsx", "JavaScript JSX", 0, 0, 0, 0, 0, 0, 306, 40, 20, 366
"f:\Coding\MERN Stack\Backend\Websockets\Chat App\client\src\components\user\Profile.jsx", "JavaScript JSX", 0, 0, 0, 0, 0, 0, 407, 16, 36, 459
"f:\Coding\MERN Stack\Backend\Websockets\Chat App\client\src\components\user\Settings.jsx", "JavaScript JSX", 0, 0, 0, 0, 0, 0, 32, 0, 7, 39
"f:\Coding\MERN Stack\Backend\Websockets\Chat App\client\src\constants\socketEvents.js", "JavaScript", 32, 0, 0, 0, 0, 0, 0, 0, 1, 33
"f:\Coding\MERN Stack\Backend\Websockets\Chat App\client\src\context\AuthProvider.jsx", "JavaScript JSX", 0, 0, 0, 0, 0, 0, 18, 0, 7, 25
"f:\Coding\MERN Stack\Backend\Websockets\Chat App\client\src\hooks\useGroup.jsx", "JavaScript JSX", 0, 0, 0, 0, 0, 0, 36, 0, 7, 43
"f:\Coding\MERN Stack\Backend\Websockets\Chat App\client\src\hooks\useNotification.jsx", "JavaScript JSX", 0, 0, 0, 0, 0, 0, 41, 0, 9, 50
"f:\Coding\MERN Stack\Backend\Websockets\Chat App\client\src\hooks\useRequest.jsx", "JavaScript JSX", 0, 0, 0, 0, 0, 0, 52, 6, 16, 74
"f:\Coding\MERN Stack\Backend\Websockets\Chat App\client\src\index.css", "PostCSS", 0, 0, 0, 0, 8, 0, 0, 0, 1, 9
"f:\Coding\MERN Stack\Backend\Websockets\Chat App\client\src\main.jsx", "JavaScript JSX", 0, 0, 0, 0, 0, 0, 17, 0, 3, 20
"f:\Coding\MERN Stack\Backend\Websockets\Chat App\client\src\pages\auth\Login.jsx", "JavaScript JSX", 0, 0, 0, 0, 0, 0, 98, 11, 17, 126
"f:\Coding\MERN Stack\Backend\Websockets\Chat App\client\src\pages\auth\Register.jsx", "JavaScript JSX", 0, 0, 0, 0, 0, 0, 110, 13, 20, 143
"f:\Coding\MERN Stack\Backend\Websockets\Chat App\client\src\pages\user\Chat.jsx", "JavaScript JSX", 0, 0, 0, 0, 0, 0, 930, 29, 93, 1052
"f:\Coding\MERN Stack\Backend\Websockets\Chat App\client\src\pages\user\GroupInfoMain.jsx", "JavaScript JSX", 0, 0, 0, 0, 0, 0, 541, 14, 70, 625
"f:\Coding\MERN Stack\Backend\Websockets\Chat App\client\src\pages\user\Home.jsx", "JavaScript JSX", 0, 0, 0, 0, 0, 0, 457, 14, 61, 532
"f:\Coding\MERN Stack\Backend\Websockets\Chat App\client\src\pages\user\Sidebar.jsx", "JavaScript JSX", 0, 0, 0, 0, 0, 0, 205, 10, 38, 253
"f:\Coding\MERN Stack\Backend\Websockets\Chat App\client\src\services\getTime.js", "JavaScript", 7, 0, 0, 0, 0, 0, 0, 1, 0, 8
"f:\Coding\MERN Stack\Backend\Websockets\Chat App\client\src\services\isThisLink.js", "JavaScript", 7, 0, 0, 0, 0, 0, 0, 0, 0, 7
"f:\Coding\MERN Stack\Backend\Websockets\Chat App\client\src\socket\handlers\chat.handler.js", "JavaScript", 13, 0, 0, 0, 0, 0, 0, 0, 5, 18
"f:\Coding\MERN Stack\Backend\Websockets\Chat App\client\src\socket\handlers\error.handler.js", "JavaScript", 6, 0, 0, 0, 0, 0, 0, 1, 1, 8
"f:\Coding\MERN Stack\Backend\Websockets\Chat App\client\src\socket\handlers\group.handler.js", "JavaScript", 19, 0, 0, 0, 0, 0, 0, 0, 8, 27
"f:\Coding\MERN Stack\Backend\Websockets\Chat App\client\src\socket\handlers\message.handler.js", "JavaScript", 55, 0, 0, 0, 0, 0, 0, 9, 32, 96
"f:\Coding\MERN Stack\Backend\Websockets\Chat App\client\src\socket\handlers\notification.handler.js", "JavaScript", 10, 0, 0, 0, 0, 0, 0, 0, 6, 16
"f:\Coding\MERN Stack\Backend\Websockets\Chat App\client\src\socket\handlers\onlineStatus.handler.js", "JavaScript", 20, 0, 0, 0, 0, 0, 0, 2, 3, 25
"f:\Coding\MERN Stack\Backend\Websockets\Chat App\client\src\socket\socket.js", "JavaScript", 5, 0, 0, 0, 0, 0, 0, 0, 5, 10
"f:\Coding\MERN Stack\Backend\Websockets\Chat App\client\src\socket\socketListeners.js", "JavaScript", 25, 0, 0, 0, 0, 0, 0, 0, 15, 40
"f:\Coding\MERN Stack\Backend\Websockets\Chat App\client\src\store\useAssetsStore.js", "JavaScript", 18, 0, 0, 0, 0, 0, 0, 0, 8, 26
"f:\Coding\MERN Stack\Backend\Websockets\Chat App\client\src\store\useChatStore.js", "JavaScript", 345, 0, 0, 0, 0, 0, 0, 0, 66, 411
"f:\Coding\MERN Stack\Backend\Websockets\Chat App\client\src\store\useGroupChatStore.js", "JavaScript", 58, 0, 0, 0, 0, 0, 0, 0, 13, 71
"f:\Coding\MERN Stack\Backend\Websockets\Chat App\client\src\store\userStore.js", "JavaScript", 25, 0, 0, 0, 0, 0, 0, 1, 10, 36
"f:\Coding\MERN Stack\Backend\Websockets\Chat App\client\tailwind.config.js", "JavaScript", 95, 0, 0, 0, 0, 0, 0, 1, 0, 96
"f:\Coding\MERN Stack\Backend\Websockets\Chat App\client\vercel.json", "JSON", 0, 0, 0, 5, 0, 0, 0, 0, 0, 5
"f:\Coding\MERN Stack\Backend\Websockets\Chat App\client\vite.config.js", "JavaScript", 5, 0, 0, 0, 0, 0, 0, 1, 2, 8
"f:\Coding\MERN Stack\Backend\Websockets\Chat App\server\package-lock.json", "JSON", 0, 0, 0, 3969, 0, 0, 0, 0, 1, 3970
"f:\Coding\MERN Stack\Backend\Websockets\Chat App\server\package.json", "JSON", 0, 0, 0, 40, 0, 0, 0, 0, 1, 41
"f:\Coding\MERN Stack\Backend\Websockets\Chat App\server\src\constants\socketEvents.js", "JavaScript", 33, 0, 0, 0, 0, 0, 0, 0, 0, 33
"f:\Coding\MERN Stack\Backend\Websockets\Chat App\server\src\controllers\chat.controller.js", "JavaScript", 332, 0, 0, 0, 0, 0, 0, 2, 70, 404
"f:\Coding\MERN Stack\Backend\Websockets\Chat App\server\src\controllers\group.controller.js", "JavaScript", 285, 0, 0, 0, 0, 0, 0, 18, 80, 383
"f:\Coding\MERN Stack\Backend\Websockets\Chat App\server\src\controllers\message.controller.js", "JavaScript", 165, 0, 0, 0, 0, 0, 0, 45, 59, 269
"f:\Coding\MERN Stack\Backend\Websockets\Chat App\server\src\controllers\notification.controller.js", "JavaScript", 67, 0, 0, 0, 0, 0, 0, 11, 17, 95
"f:\Coding\MERN Stack\Backend\Websockets\Chat App\server\src\controllers\request.controller.js", "JavaScript", 54, 0, 0, 0, 0, 0, 0, 28, 24, 106
"f:\Coding\MERN Stack\Backend\Websockets\Chat App\server\src\controllers\user.controller.js", "JavaScript", 840, 0, 0, 0, 0, 0, 0, 32, 187, 1059
"f:\Coding\MERN Stack\Backend\Websockets\Chat App\server\src\db\db.js", "JavaScript", 14, 0, 0, 0, 0, 0, 0, 0, 3, 17
"f:\Coding\MERN Stack\Backend\Websockets\Chat App\server\src\index.js", "JavaScript", 10, 0, 0, 0, 0, 0, 0, 2, 3, 15
"f:\Coding\MERN Stack\Backend\Websockets\Chat App\server\src\middlewares\adminPermission.middleware.js", "JavaScript", 21, 0, 0, 0, 0, 0, 0, 0, 6, 27
"f:\Coding\MERN Stack\Backend\Websockets\Chat App\server\src\middlewares\draftImage.middleware.js", "JavaScript", 15, 0, 0, 0, 0, 0, 0, 0, 2, 17
"f:\Coding\MERN Stack\Backend\Websockets\Chat App\server\src\middlewares\draftOwner.middleware.js", "JavaScript", 23, 0, 0, 0, 0, 0, 0, 0, 8, 31
"f:\Coding\MERN Stack\Backend\Websockets\Chat App\server\src\middlewares\multer.middleware.js", "JavaScript", 10, 0, 0, 0, 0, 0, 0, 0, 2, 12
"f:\Coding\MERN Stack\Backend\Websockets\Chat App\server\src\middlewares\publicProfile.middleware.js", "JavaScript", 20, 0, 0, 0, 0, 0, 0, 0, 8, 28
"f:\Coding\MERN Stack\Backend\Websockets\Chat App\server\src\middlewares\userAuth.middleware.js", "JavaScript", 35, 0, 0, 0, 0, 0, 0, 2, 12, 49
"f:\Coding\MERN Stack\Backend\Websockets\Chat App\server\src\models\chat.model.js", "JavaScript", 47, 0, 0, 0, 0, 0, 0, 0, 16, 63
"f:\Coding\MERN Stack\Backend\Websockets\Chat App\server\src\models\message.model.js", "JavaScript", 95, 0, 0, 0, 0, 0, 0, 1, 10, 106
"f:\Coding\MERN Stack\Backend\Websockets\Chat App\server\src\models\notification.model.js", "JavaScript", 47, 0, 0, 0, 0, 0, 0, 0, 5, 52
"f:\Coding\MERN Stack\Backend\Websockets\Chat App\server\src\models\request.model.js", "JavaScript", 47, 0, 0, 0, 0, 0, 0, 0, 4, 51
"f:\Coding\MERN Stack\Backend\Websockets\Chat App\server\src\models\user.model.js", "JavaScript", 83, 0, 0, 0, 0, 0, 0, 0, 10, 93
"f:\Coding\MERN Stack\Backend\Websockets\Chat App\server\src\redis\config.js", "JavaScript", 6, 0, 0, 0, 0, 0, 0, 2, 3, 11
"f:\Coding\MERN Stack\Backend\Websockets\Chat App\server\src\routes\chat.route.js", "JavaScript", 20, 0, 0, 0, 0, 0, 0, 2, 2, 24
"f:\Coding\MERN Stack\Backend\Websockets\Chat App\server\src\routes\group.route.js", "JavaScript", 30, 0, 0, 0, 0, 0, 0, 0, 4, 34
"f:\Coding\MERN Stack\Backend\Websockets\Chat App\server\src\routes\message.route.js", "JavaScript", 19, 0, 0, 0, 0, 0, 0, 2, 3, 24
"f:\Coding\MERN Stack\Backend\Websockets\Chat App\server\src\routes\notification.route.js", "JavaScript", 13, 0, 0, 0, 0, 0, 0, 0, 4, 17
"f:\Coding\MERN Stack\Backend\Websockets\Chat App\server\src\routes\ping.route.js", "JavaScript", 18, 0, 0, 0, 0, 0, 0, 0, 4, 22
"f:\Coding\MERN Stack\Backend\Websockets\Chat App\server\src\routes\request.route.js", "JavaScript", 15, 0, 0, 0, 0, 0, 0, 0, 3, 18
"f:\Coding\MERN Stack\Backend\Websockets\Chat App\server\src\routes\user.route.js", "JavaScript", 49, 0, 0, 0, 0, 0, 0, 0, 4, 53
"f:\Coding\MERN Stack\Backend\Websockets\Chat App\server\src\server.js", "JavaScript", 38, 0, 0, 0, 0, 0, 0, 5, 15, 58
"f:\Coding\MERN Stack\Backend\Websockets\Chat App\server\src\services\ai.service.js", "JavaScript", 40, 0, 0, 0, 0, 0, 0, 0, 10, 50
"f:\Coding\MERN Stack\Backend\Websockets\Chat App\server\src\services\brevoMail.service.js", "JavaScript", 21, 0, 0, 0, 0, 0, 0, 6, 8, 35
"f:\Coding\MERN Stack\Backend\Websockets\Chat App\server\src\services\chat.services.js", "JavaScript", 40, 0, 0, 0, 0, 0, 0, 14, 12, 66
"f:\Coding\MERN Stack\Backend\Websockets\Chat App\server\src\services\cloudinary.service.js", "JavaScript", 44, 0, 0, 0, 0, 0, 0, 8, 15, 67
"f:\Coding\MERN Stack\Backend\Websockets\Chat App\server\src\services\generateOTP.js", "JavaScript", 3, 0, 0, 0, 0, 0, 0, 2, 1, 6
"f:\Coding\MERN Stack\Backend\Websockets\Chat App\server\src\services\generateTokens.js", "JavaScript", 6, 0, 0, 0, 0, 0, 0, 0, 2, 8
"f:\Coding\MERN Stack\Backend\Websockets\Chat App\server\src\services\group.service.js", "JavaScript", 105, 0, 0, 0, 0, 0, 0, 34, 48, 187
"f:\Coding\MERN Stack\Backend\Websockets\Chat App\server\src\services\mail.service.js", "JavaScript", 35, 0, 0, 0, 0, 0, 0, 0, 7, 42
"f:\Coding\MERN Stack\Backend\Websockets\Chat App\server\src\services\mailSender.service.js", "JavaScript", 21, 0, 0, 0, 0, 0, 0, 0, 7, 28
"f:\Coding\MERN Stack\Backend\Websockets\Chat App\server\src\services\message.service.js", "JavaScript", 119, 0, 0, 0, 0, 0, 0, 33, 36, 188
"f:\Coding\MERN Stack\Backend\Websockets\Chat App\server\src\services\notification.service.js", "JavaScript", 122, 0, 0, 0, 0, 0, 0, 27, 25, 174
"f:\Coding\MERN Stack\Backend\Websockets\Chat App\server\src\services\request.service.js", "JavaScript", 130, 0, 0, 0, 0, 0, 0, 26, 42, 198
"f:\Coding\MERN Stack\Backend\Websockets\Chat App\server\src\services\sendOTP.js", "JavaScript", 20, 0, 0, 0, 0, 0, 0, 0, 4, 24
"f:\Coding\MERN Stack\Backend\Websockets\Chat App\server\src\services\sendVerificationToken.js", "JavaScript", 128, 0, 0, 0, 0, 0, 0, 0, 14, 142
"f:\Coding\MERN Stack\Backend\Websockets\Chat App\server\src\sockets\handler\chat.handler.js", "JavaScript", 7, 0, 0, 0, 0, 0, 0, 1, 4, 12
"f:\Coding\MERN Stack\Backend\Websockets\Chat App\server\src\sockets\handler\disconnect.handler.js", "JavaScript", 32, 0, 0, 0, 0, 0, 0, 0, 9, 41
"f:\Coding\MERN Stack\Backend\Websockets\Chat App\server\src\sockets\handler\group.handler.js", "JavaScript", 13, 0, 0, 0, 0, 0, 0, 40, 16, 69
"f:\Coding\MERN Stack\Backend\Websockets\Chat App\server\src\sockets\handler\index.js", "JavaScript", 15, 0, 0, 0, 0, 0, 0, 0, 4, 19
"f:\Coding\MERN Stack\Backend\Websockets\Chat App\server\src\sockets\handler\message.handler.js", "JavaScript", 287, 0, 0, 0, 0, 0, 0, 2, 83, 372
"f:\Coding\MERN Stack\Backend\Websockets\Chat App\server\src\sockets\handler\onlineStatus.handler.js", "JavaScript", 36, 0, 0, 0, 0, 0, 0, 2, 13, 51
"f:\Coding\MERN Stack\Backend\Websockets\Chat App\server\src\sockets\handler\onlineStatusAfterLogin.js", "JavaScript", 51, 0, 0, 0, 0, 0, 0, 2, 12, 65
"f:\Coding\MERN Stack\Backend\Websockets\Chat App\server\src\sockets\index.js", "JavaScript", 28, 0, 0, 0, 0, 0, 0, 3, 17, 48
"f:\Coding\MERN Stack\Backend\Websockets\Chat App\server\src\sockets\middleware\adminPermission.middleware.js", "JavaScript", 23, 0, 0, 0, 0, 0, 0, 0, 7, 30
"f:\Coding\MERN Stack\Backend\Websockets\Chat App\server\src\sockets\middleware\auth.middleware.js", "JavaScript", 27, 0, 0, 0, 0, 0, 0, 2, 11, 40
"f:\Coding\MERN Stack\Backend\Websockets\Chat App\server\src\sockets\services\group.service.js", "JavaScript", 22, 0, 0, 0, 0, 0, 0, 7, 5, 34
"f:\Coding\MERN Stack\Backend\Websockets\Chat App\server\src\sockets\services\message.service.js", "JavaScript", 14, 0, 0, 0, 0, 0, 0, 0, 6, 20
"f:\Coding\MERN Stack\Backend\Websockets\Chat App\server\src\sockets\socketInstance.js", "JavaScript", 10, 0, 0, 0, 0, 0, 0, 0, 2, 12
"f:\Coding\MERN Stack\Backend\Websockets\Chat App\server\src\sockets\soketsMap.js", "JavaScript", 10, 0, 0, 0, 0, 0, 0, 0, 3, 13
"f:\Coding\MERN Stack\Backend\Websockets\Chat App\server\src\sockets\utils\cookieParser.js", "JavaScript", 11, 0, 0, 0, 0, 0, 0, 0, 1, 12
"f:\Coding\MERN Stack\Backend\Websockets\Chat App\server\src\sockets\utils\getGroupMembers.js", "JavaScript", 19, 0, 0, 0, 0, 0, 0, 6, 9, 34
"f:\Coding\MERN Stack\Backend\Websockets\Chat App\server\src\sockets\utils\getOtherChatUser.js", "JavaScript", 13, 0, 0, 0, 0, 0, 0, 0, 6, 19
"f:\Coding\MERN Stack\Backend\Websockets\Chat App\server\src\sockets\utils\getUserChatPartners.js", "JavaScript", 18, 0, 0, 0, 0, 0, 0, 0, 7, 25
"f:\Coding\MERN Stack\Backend\Websockets\Chat App\server\src\sockets\utils\getUserGroups.js", "JavaScript", 38, 0, 0, 0, 0, 0, 0, 6, 15, 59
"f:\Coding\MERN Stack\Backend\Websockets\Chat App\server\src\sockets\utils\isGroupChat.js", "JavaScript", 12, 0, 0, 0, 0, 0, 0, 0, 5, 17
"f:\Coding\MERN Stack\Backend\Websockets\Chat App\server\src\utils\apiUtils.js", "JavaScript", 25, 0, 0, 0, 0, 0, 0, 0, 5, 30
"f:\Coding\MERN Stack\Backend\Websockets\Chat App\server\src\utils\asyncHandler.js", "JavaScript", 10, 0, 0, 0, 0, 0, 0, 0, 2, 12
"f:\Coding\MERN Stack\Backend\Websockets\Chat App\server\src\utils\document existance check\chat.js", "JavaScript", 13, 0, 0, 0, 0, 0, 0, 0, 5, 18
"f:\Coding\MERN Stack\Backend\Websockets\Chat App\server\src\utils\document existance check\group.js", "JavaScript", 3, 0, 0, 0, 0, 0, 0, 5, 2, 10
"f:\Coding\MERN Stack\Backend\Websockets\Chat App\server\src\utils\document existance check\message.js", "JavaScript", 13, 0, 0, 0, 0, 0, 0, 0, 5, 18
"f:\Coding\MERN Stack\Backend\Websockets\Chat App\server\src\utils\document existance check\request.js", "JavaScript", 12, 0, 0, 0, 0, 0, 0, 0, 6, 18
"f:\Coding\MERN Stack\Backend\Websockets\Chat App\server\src\utils\document existance check\user.js", "JavaScript", 12, 0, 0, 0, 0, 0, 0, 0, 6, 18
"f:\Coding\MERN Stack\Backend\Websockets\Chat App\server\src\utils\fields validations\assertAtleastOneField.js", "JavaScript", 10, 0, 0, 0, 0, 0, 0, 0, 2, 12
"f:\Coding\MERN Stack\Backend\Websockets\Chat App\server\src\utils\fields validations\assertRequiredFields.js", "JavaScript", 13, 0, 0, 0, 0, 0, 0, 0, 9, 22
"f:\Coding\MERN Stack\Backend\Websockets\Chat App\server\src\utils\fields validations\validateAtleastOneField.js", "JavaScript", 10, 0, 0, 0, 0, 0, 0, 0, 2, 12
"f:\Coding\MERN Stack\Backend\Websockets\Chat App\server\src\utils\fields validations\validateRequiredFields.js", "JavaScript", 15, 0, 0, 0, 0, 0, 0, 4, 8, 27
"f:\Coding\MERN Stack\Backend\Websockets\Chat App\server\src\utils\getUniqueMembers.js", "JavaScript", 13, 0, 0, 0, 0, 0, 0, 11, 8, 32
"f:\Coding\MERN Stack\Backend\Websockets\Chat App\server\src\utils\isValidObjectId.js", "JavaScript", 7, 0, 0, 0, 0, 0, 0, 0, 4, 11
"f:\Coding\MERN Stack\Backend\Websockets\Chat App\server\src\utils\verify-success.html", "HTML", 0, 0, 77, 0, 0, 0, 0, 0, 9, 86
"f:\Coding\MERN Stack\Backend\Websockets\Chat App\system_design.md", "Markdown", 0, 332, 0, 0, 0, 0, 0, 0, 70, 402
"f:\Coding\MERN Stack\Backend\Websockets\Chat App\test.js", "JavaScript", 8, 0, 0, 0, 0, 0, 0, 0, 3, 11
"Total", "-", 5718, 485, 91, 8503, 8, 2, 6115, 826, 2298, 24046